model,train-dataset,test-settings,test-hash,test-size,n_samples,matches,match_percentage
omen,libero,all-12-100-80,089cd10612b874833102d6d25ab34970,94616,1000000,9946,10.51%
omen,libero,all-12-100-80,089cd10612b874833102d6d25ab34970,94616,2500000,15458,16.34%
omen,libero,all-12-100-80,089cd10612b874833102d6d25ab34970,94616,5000000,17007,17.97%
omen,libero,all-12-100-80,089cd10612b874833102d6d25ab34970,94616,7500000,18497,19.55%
omen,libero,all-12-100-80,089cd10612b874833102d6d25ab34970,94616,10000000,19161,20.25%
omen,libero,all-12-100-80,089cd10612b874833102d6d25ab34970,94616,25000000,24999,26.42%
omen,libero,all-12-100-80,089cd10612b874833102d6d25ab34970,94616,50000000,30276,32.0%
omen,libero,all-12-100-80,089cd10612b874833102d6d25ab34970,94616,75000000,31394,33.18%
omen,libero,all-12-100-80,089cd10612b874833102d6d25ab34970,94616,100000000,31618,33.42%
omen,libero,all-12-100-80,089cd10612b874833102d6d25ab34970,94616,250000000,38744,40.95%
omen,libero,all-12-100-80,089cd10612b874833102d6d25ab34970,94616,500000000,39774,42.04%
omen,000webhost,all-12-100-80,432a04011c519801862411bc38aebb0e,2070404,1000000,30209,1.46%
omen,000webhost,all-12-100-80,432a04011c519801862411bc38aebb0e,2070404,2500000,40343,1.95%
omen,000webhost,all-12-100-80,432a04011c519801862411bc38aebb0e,2070404,5000000,56953,2.75%
omen,000webhost,all-12-100-80,432a04011c519801862411bc38aebb0e,2070404,7500000,68977,3.33%
omen,000webhost,all-12-100-80,432a04011c519801862411bc38aebb0e,2070404,10000000,76799,3.71%
omen,000webhost,all-12-100-80,432a04011c519801862411bc38aebb0e,2070404,25000000,102802,4.97%
omen,000webhost,all-12-100-80,432a04011c519801862411bc38aebb0e,2070404,50000000,138899,6.71%
omen,000webhost,all-12-100-80,432a04011c519801862411bc38aebb0e,2070404,75000000,146610,7.08%
omen,000webhost,all-12-100-80,432a04011c519801862411bc38aebb0e,2070404,100000000,150657,7.28%
omen,000webhost,all-12-100-80,432a04011c519801862411bc38aebb0e,2070404,250000000,226399,10.93%
omen,000webhost,all-12-100-80,432a04011c519801862411bc38aebb0e,2070404,500000000,242688,11.72%
omen,ashleymadison,all-12-100-80,b1050e4d8c2416c0c16a6d9578861192,74319,1000000,6478,8.72%
omen,ashleymadison,all-12-100-80,b1050e4d8c2416c0c16a6d9578861192,74319,2500000,9702,13.05%
omen,ashleymadison,all-12-100-80,b1050e4d8c2416c0c16a6d9578861192,74319,5000000,12136,16.33%
omen,ashleymadison,all-12-100-80,b1050e4d8c2416c0c16a6d9578861192,74319,7500000,15286,20.57%
omen,ashleymadison,all-12-100-80,b1050e4d8c2416c0c16a6d9578861192,74319,10000000,16379,22.04%
omen,ashleymadison,all-12-100-80,b1050e4d8c2416c0c16a6d9578861192,74319,25000000,20111,27.06%
omen,ashleymadison,all-12-100-80,b1050e4d8c2416c0c16a6d9578861192,74319,50000000,25279,34.01%
omen,ashleymadison,all-12-100-80,b1050e4d8c2416c0c16a6d9578861192,74319,75000000,27335,36.78%
omen,ashleymadison,all-12-100-80,b1050e4d8c2416c0c16a6d9578861192,74319,100000000,27936,37.59%
omen,ashleymadison,all-12-100-80,b1050e4d8c2416c0c16a6d9578861192,74319,250000000,33529,45.11%
omen,ashleymadison,all-12-100-80,b1050e4d8c2416c0c16a6d9578861192,74319,500000000,36057,48.52%
omen,gmail,all-12-100-80,ab1ab8c94f967be004af88422704689b,715941,1000000,36701,5.13%
omen,gmail,all-12-100-80,ab1ab8c94f967be004af88422704689b,715941,2500000,59869,8.36%
omen,gmail,all-12-100-80,ab1ab8c94f967be004af88422704689b,715941,5000000,64699,9.04%
omen,gmail,all-12-100-80,ab1ab8c94f967be004af88422704689b,715941,7500000,88090,12.3%
omen,gmail,all-12-100-80,ab1ab8c94f967be004af88422704689b,715941,10000000,98120,13.7%
omen,gmail,all-12-100-80,ab1ab8c94f967be004af88422704689b,715941,25000000,116570,16.28%
omen,gmail,all-12-100-80,ab1ab8c94f967be004af88422704689b,715941,50000000,150257,20.99%
omen,gmail,all-12-100-80,ab1ab8c94f967be004af88422704689b,715941,75000000,168862,23.59%
omen,gmail,all-12-100-80,ab1ab8c94f967be004af88422704689b,715941,100000000,171483,23.95%
omen,gmail,all-12-100-80,ab1ab8c94f967be004af88422704689b,715941,250000000,200251,27.97%
omen,gmail,all-12-100-80,ab1ab8c94f967be004af88422704689b,715941,500000000,244703,34.18%
omen,linkedin,all-12-100-80,5d93bb15bbef9c422fbcbdd67e3da7f5,9983651,1000000,45514,0.46%
omen,linkedin,all-12-100-80,5d93bb15bbef9c422fbcbdd67e3da7f5,9983651,2500000,66750,0.67%
omen,linkedin,all-12-100-80,5d93bb15bbef9c422fbcbdd67e3da7f5,9983651,5000000,123956,1.24%
omen,linkedin,all-12-100-80,5d93bb15bbef9c422fbcbdd67e3da7f5,9983651,7500000,176453,1.77%
omen,linkedin,all-12-100-80,5d93bb15bbef9c422fbcbdd67e3da7f5,9983651,10000000,195419,1.96%
omen,linkedin,all-12-100-80,5d93bb15bbef9c422fbcbdd67e3da7f5,9983651,25000000,317666,3.18%
omen,linkedin,all-12-100-80,5d93bb15bbef9c422fbcbdd67e3da7f5,9983651,50000000,527814,5.29%
omen,linkedin,all-12-100-80,5d93bb15bbef9c422fbcbdd67e3da7f5,9983651,75000000,572558,5.73%
omen,linkedin,all-12-100-80,5d93bb15bbef9c422fbcbdd67e3da7f5,9983651,100000000,611686,6.13%
omen,linkedin,all-12-100-80,5d93bb15bbef9c422fbcbdd67e3da7f5,9983651,250000000,1170677,11.73%
omen,linkedin,all-12-100-80,5d93bb15bbef9c422fbcbdd67e3da7f5,9983651,500000000,1339741,13.42%
omen,rockyou,all-12-100-80,9538b688ad173429d96b4304e1b1daa9,3405659,1000000,107462,3.16%
omen,rockyou,all-12-100-80,9538b688ad173429d96b4304e1b1daa9,3405659,2500000,239469,7.03%
omen,rockyou,all-12-100-80,9538b688ad173429d96b4304e1b1daa9,3405659,5000000,281283,8.26%
omen,rockyou,all-12-100-80,9538b688ad173429d96b4304e1b1daa9,3405659,7500000,297865,8.75%
omen,rockyou,all-12-100-80,9538b688ad173429d96b4304e1b1daa9,3405659,10000000,458860,13.47%
omen,rockyou,all-12-100-80,9538b688ad173429d96b4304e1b1daa9,3405659,25000000,579137,17.0%
omen,rockyou,all-12-100-80,9538b688ad173429d96b4304e1b1daa9,3405659,50000000,619687,18.19%
omen,rockyou,all-12-100-80,9538b688ad173429d96b4304e1b1daa9,3405659,75000000,879562,25.82%
omen,rockyou,all-12-100-80,9538b688ad173429d96b4304e1b1daa9,3405659,100000000,948258,27.84%
omen,rockyou,all-12-100-80,9538b688ad173429d96b4304e1b1daa9,3405659,250000000,1045544,30.7%
omen,rockyou,all-12-100-80,9538b688ad173429d96b4304e1b1daa9,3405659,500000000,1372347,40.29%
omen,mailru,all-12-100-80,99e971b691c2c324cb343c058b380c96,498434,1000000,52321,10.5%
omen,mailru,all-12-100-80,99e971b691c2c324cb343c058b380c96,498434,2500000,70507,14.15%
omen,mailru,all-12-100-80,99e971b691c2c324cb343c058b380c96,498434,5000000,78061,15.66%
omen,mailru,all-12-100-80,99e971b691c2c324cb343c058b380c96,498434,7500000,81749,16.4%
omen,mailru,all-12-100-80,99e971b691c2c324cb343c058b380c96,498434,10000000,92138,18.49%
omen,mailru,all-12-100-80,99e971b691c2c324cb343c058b380c96,498434,25000000,112800,22.63%
omen,mailru,all-12-100-80,99e971b691c2c324cb343c058b380c96,498434,50000000,117954,23.66%
omen,mailru,all-12-100-80,99e971b691c2c324cb343c058b380c96,498434,75000000,146953,29.48%
omen,mailru,all-12-100-80,99e971b691c2c324cb343c058b380c96,498434,100000000,150078,30.11%
omen,mailru,all-12-100-80,99e971b691c2c324cb343c058b380c96,498434,250000000,168788,33.86%
omen,mailru,all-12-100-80,99e971b691c2c324cb343c058b380c96,498434,500000000,191478,38.42%
omen,taobao,all-12-100-80,fa51c379cfcce49fc35ca14d65475db4,1217281,1000000,28288,2.32%
omen,taobao,all-12-100-80,fa51c379cfcce49fc35ca14d65475db4,1217281,2500000,47758,3.92%
omen,taobao,all-12-100-80,fa51c379cfcce49fc35ca14d65475db4,1217281,5000000,57921,4.76%
omen,taobao,all-12-100-80,fa51c379cfcce49fc35ca14d65475db4,1217281,7500000,65207,5.36%
omen,taobao,all-12-100-80,fa51c379cfcce49fc35ca14d65475db4,1217281,10000000,79875,6.56%
omen,taobao,all-12-100-80,fa51c379cfcce49fc35ca14d65475db4,1217281,25000000,148712,12.22%
omen,taobao,all-12-100-80,fa51c379cfcce49fc35ca14d65475db4,1217281,50000000,166091,13.64%
omen,taobao,all-12-100-80,fa51c379cfcce49fc35ca14d65475db4,1217281,75000000,203679,16.73%
omen,taobao,all-12-100-80,fa51c379cfcce49fc35ca14d65475db4,1217281,100000000,248089,20.38%
omen,taobao,all-12-100-80,fa51c379cfcce49fc35ca14d65475db4,1217281,250000000,302496,24.85%
omen,taobao,all-12-100-80,fa51c379cfcce49fc35ca14d65475db4,1217281,500000000,344357,28.29%
omen,gmail,all-8-100-80,a5fb2b0b53745df2f377930f171833d3,440342,1000000,24112,5.48%
omen,gmail,all-8-100-80,a5fb2b0b53745df2f377930f171833d3,440342,2500000,46591,10.58%
omen,gmail,all-8-100-80,a5fb2b0b53745df2f377930f171833d3,440342,5000000,51900,11.79%
omen,gmail,all-8-100-80,a5fb2b0b53745df2f377930f171833d3,440342,7500000,58425,13.27%
omen,gmail,all-8-100-80,a5fb2b0b53745df2f377930f171833d3,440342,10000000,87916,19.97%
omen,gmail,all-8-100-80,a5fb2b0b53745df2f377930f171833d3,440342,25000000,100609,22.85%
omen,gmail,all-8-100-80,a5fb2b0b53745df2f377930f171833d3,440342,50000000,149510,33.95%
omen,gmail,all-8-100-80,a5fb2b0b53745df2f377930f171833d3,440342,75000000,158545,36.0%
omen,gmail,all-8-100-80,a5fb2b0b53745df2f377930f171833d3,440342,100000000,165105,37.49%
omen,gmail,all-8-100-80,a5fb2b0b53745df2f377930f171833d3,440342,250000000,221605,50.32%
omen,gmail,all-8-100-80,a5fb2b0b53745df2f377930f171833d3,440342,500000000,261189,59.31%
omen,ashleymadison,all-8-100-80,8e9b567900eab3bddf0a859b8f7d9485,54542,1000000,6958,12.76%
omen,ashleymadison,all-8-100-80,8e9b567900eab3bddf0a859b8f7d9485,54542,2500000,9225,16.91%
omen,ashleymadison,all-8-100-80,8e9b567900eab3bddf0a859b8f7d9485,54542,5000000,13534,24.81%
omen,ashleymadison,all-8-100-80,8e9b567900eab3bddf0a859b8f7d9485,54542,7500000,14838,27.2%
omen,ashleymadison,all-8-100-80,8e9b567900eab3bddf0a859b8f7d9485,54542,10000000,15609,28.62%
omen,ashleymadison,all-8-100-80,8e9b567900eab3bddf0a859b8f7d9485,54542,25000000,21392,39.22%
omen,ashleymadison,all-8-100-80,8e9b567900eab3bddf0a859b8f7d9485,54542,50000000,23329,42.77%
omen,ashleymadison,all-8-100-80,8e9b567900eab3bddf0a859b8f7d9485,54542,75000000,26532,48.64%
omen,ashleymadison,all-8-100-80,8e9b567900eab3bddf0a859b8f7d9485,54542,100000000,27488,50.4%
omen,ashleymadison,all-8-100-80,8e9b567900eab3bddf0a859b8f7d9485,54542,250000000,30856,56.57%
omen,ashleymadison,all-8-100-80,8e9b567900eab3bddf0a859b8f7d9485,54542,500000000,32925,60.37%
omen,000webhost,all-8-100-80,11e6f1030f2c14e37ae7b8391011b0dd,827426,1000000,29811,3.6%
omen,000webhost,all-8-100-80,11e6f1030f2c14e37ae7b8391011b0dd,827426,2500000,53997,6.53%
omen,000webhost,all-8-100-80,11e6f1030f2c14e37ae7b8391011b0dd,827426,5000000,61477,7.43%
omen,000webhost,all-8-100-80,11e6f1030f2c14e37ae7b8391011b0dd,827426,7500000,70112,8.47%
omen,000webhost,all-8-100-80,11e6f1030f2c14e37ae7b8391011b0dd,827426,10000000,95885,11.59%
omen,000webhost,all-8-100-80,11e6f1030f2c14e37ae7b8391011b0dd,827426,25000000,110922,13.41%
omen,000webhost,all-8-100-80,11e6f1030f2c14e37ae7b8391011b0dd,827426,50000000,153566,18.56%
omen,000webhost,all-8-100-80,11e6f1030f2c14e37ae7b8391011b0dd,827426,75000000,161856,19.56%
omen,000webhost,all-8-100-80,11e6f1030f2c14e37ae7b8391011b0dd,827426,100000000,169559,20.49%
omen,000webhost,all-8-100-80,11e6f1030f2c14e37ae7b8391011b0dd,827426,250000000,222297,26.87%
omen,000webhost,all-8-100-80,11e6f1030f2c14e37ae7b8391011b0dd,827426,500000000,246015,29.73%
omen,linkedin,all-8-100-80,f5b5eab91b2f41a51e02a98ab9f9099f,5404143,1000000,52960,0.98%
omen,linkedin,all-8-100-80,f5b5eab91b2f41a51e02a98ab9f9099f,5404143,2500000,85693,1.59%
omen,linkedin,all-8-100-80,f5b5eab91b2f41a51e02a98ab9f9099f,5404143,5000000,202110,3.74%
omen,linkedin,all-8-100-80,f5b5eab91b2f41a51e02a98ab9f9099f,5404143,7500000,232842,4.31%
omen,linkedin,all-8-100-80,f5b5eab91b2f41a51e02a98ab9f9099f,5404143,10000000,262295,4.85%
omen,linkedin,all-8-100-80,f5b5eab91b2f41a51e02a98ab9f9099f,5404143,25000000,379243,7.02%
omen,linkedin,all-8-100-80,f5b5eab91b2f41a51e02a98ab9f9099f,5404143,50000000,734119,13.58%
omen,linkedin,all-8-100-80,f5b5eab91b2f41a51e02a98ab9f9099f,5404143,75000000,838025,15.51%
omen,linkedin,all-8-100-80,f5b5eab91b2f41a51e02a98ab9f9099f,5404143,100000000,893997,16.54%
omen,linkedin,all-8-100-80,f5b5eab91b2f41a51e02a98ab9f9099f,5404143,250000000,1519820,28.12%
omen,linkedin,all-8-100-80,f5b5eab91b2f41a51e02a98ab9f9099f,5404143,500000000,2094739,38.76%
omen,libero,all-8-100-80,9727e5cd231958c73bbdec355edb3a80,53632,1000000,11429,21.31%
omen,libero,all-8-100-80,9727e5cd231958c73bbdec355edb3a80,53632,2500000,12708,23.69%
omen,libero,all-8-100-80,9727e5cd231958c73bbdec355edb3a80,53632,5000000,16829,31.38%
omen,libero,all-8-100-80,9727e5cd231958c73bbdec355edb3a80,53632,7500000,17433,32.5%
omen,libero,all-8-100-80,9727e5cd231958c73bbdec355edb3a80,53632,10000000,18251,34.03%
omen,libero,all-8-100-80,9727e5cd231958c73bbdec355edb3a80,53632,25000000,22309,41.59%
omen,libero,all-8-100-80,9727e5cd231958c73bbdec355edb3a80,53632,50000000,25773,48.05%
omen,libero,all-8-100-80,9727e5cd231958c73bbdec355edb3a80,53632,75000000,26613,49.62%
omen,libero,all-8-100-80,9727e5cd231958c73bbdec355edb3a80,53632,100000000,28711,53.53%
omen,libero,all-8-100-80,9727e5cd231958c73bbdec355edb3a80,53632,250000000,30930,57.67%
omen,libero,all-8-100-80,9727e5cd231958c73bbdec355edb3a80,53632,500000000,32143,59.93%
omen,rockyou,all-8-100-80,8fffafbb5c7311b85a7227e466667ba2,2096861,1000000,81102,3.87%
omen,rockyou,all-8-100-80,8fffafbb5c7311b85a7227e466667ba2,2096861,2500000,124107,5.92%
omen,rockyou,all-8-100-80,8fffafbb5c7311b85a7227e466667ba2,2096861,5000000,149397,7.12%
omen,rockyou,all-8-100-80,8fffafbb5c7311b85a7227e466667ba2,2096861,7500000,226882,10.82%
omen,rockyou,all-8-100-80,8fffafbb5c7311b85a7227e466667ba2,2096861,10000000,345828,16.49%
omen,rockyou,all-8-100-80,8fffafbb5c7311b85a7227e466667ba2,2096861,25000000,390580,18.63%
omen,rockyou,all-8-100-80,8fffafbb5c7311b85a7227e466667ba2,2096861,50000000,546397,26.06%
omen,rockyou,all-8-100-80,8fffafbb5c7311b85a7227e466667ba2,2096861,75000000,717111,34.2%
omen,rockyou,all-8-100-80,8fffafbb5c7311b85a7227e466667ba2,2096861,100000000,751816,35.85%
omen,rockyou,all-8-100-80,8fffafbb5c7311b85a7227e466667ba2,2096861,250000000,1062695,50.68%
omen,rockyou,all-8-100-80,8fffafbb5c7311b85a7227e466667ba2,2096861,500000000,1297665,61.88%
omen,mailru,all-8-100-80,f33bb989e8b77d9cf98678d1d917aadc,306752,1000000,33108,10.79%
omen,mailru,all-8-100-80,f33bb989e8b77d9cf98678d1d917aadc,306752,2500000,49359,16.09%
omen,mailru,all-8-100-80,f33bb989e8b77d9cf98678d1d917aadc,306752,5000000,51461,16.78%
omen,mailru,all-8-100-80,f33bb989e8b77d9cf98678d1d917aadc,306752,7500000,71727,23.38%
omen,mailru,all-8-100-80,f33bb989e8b77d9cf98678d1d917aadc,306752,10000000,72480,23.63%
omen,mailru,all-8-100-80,f33bb989e8b77d9cf98678d1d917aadc,306752,25000000,78587,25.62%
omen,mailru,all-8-100-80,f33bb989e8b77d9cf98678d1d917aadc,306752,50000000,102815,33.52%
omen,mailru,all-8-100-80,f33bb989e8b77d9cf98678d1d917aadc,306752,75000000,105776,34.48%
omen,mailru,all-8-100-80,f33bb989e8b77d9cf98678d1d917aadc,306752,100000000,130765,42.63%
omen,mailru,all-8-100-80,f33bb989e8b77d9cf98678d1d917aadc,306752,250000000,138204,45.05%
omen,mailru,all-8-100-80,f33bb989e8b77d9cf98678d1d917aadc,306752,500000000,161295,52.58%
omen,taobao,all-8-100-80,4840d06e3767126ebb499539e981fd5b,492631,1000000,21558,4.38%
omen,taobao,all-8-100-80,4840d06e3767126ebb499539e981fd5b,492631,2500000,49182,9.98%
omen,taobao,all-8-100-80,4840d06e3767126ebb499539e981fd5b,492631,5000000,53009,10.76%
omen,taobao,all-8-100-80,4840d06e3767126ebb499539e981fd5b,492631,7500000,56347,11.44%
omen,taobao,all-8-100-80,4840d06e3767126ebb499539e981fd5b,492631,10000000,59289,12.04%
omen,taobao,all-8-100-80,4840d06e3767126ebb499539e981fd5b,492631,25000000,129557,26.3%
omen,taobao,all-8-100-80,4840d06e3767126ebb499539e981fd5b,492631,50000000,145948,29.63%
omen,taobao,all-8-100-80,4840d06e3767126ebb499539e981fd5b,492631,75000000,217560,44.16%
omen,taobao,all-8-100-80,4840d06e3767126ebb499539e981fd5b,492631,100000000,230199,46.73%
omen,taobao,all-8-100-80,4840d06e3767126ebb499539e981fd5b,492631,250000000,294359,59.75%
omen,taobao,all-8-100-80,4840d06e3767126ebb499539e981fd5b,492631,500000000,330498,67.09%
omen,ashleymadison,all-10-100-80,cee84d6c74d5c129b3f2f3ee39c2c9e1,71733,1000000,5758,8.03%
omen,ashleymadison,all-10-100-80,cee84d6c74d5c129b3f2f3ee39c2c9e1,71733,2500000,9528,13.28%
omen,ashleymadison,all-10-100-80,cee84d6c74d5c129b3f2f3ee39c2c9e1,71733,5000000,11285,15.73%
omen,ashleymadison,all-10-100-80,cee84d6c74d5c129b3f2f3ee39c2c9e1,71733,7500000,12544,17.49%
omen,ashleymadison,all-10-100-80,cee84d6c74d5c129b3f2f3ee39c2c9e1,71733,10000000,15583,21.72%
omen,ashleymadison,all-10-100-80,cee84d6c74d5c129b3f2f3ee39c2c9e1,71733,25000000,18803,26.21%
omen,ashleymadison,all-10-100-80,cee84d6c74d5c129b3f2f3ee39c2c9e1,71733,50000000,24510,34.17%
omen,ashleymadison,all-10-100-80,cee84d6c74d5c129b3f2f3ee39c2c9e1,71733,75000000,26456,36.88%
omen,ashleymadison,all-10-100-80,cee84d6c74d5c129b3f2f3ee39c2c9e1,71733,100000000,27010,37.65%
omen,ashleymadison,all-10-100-80,cee84d6c74d5c129b3f2f3ee39c2c9e1,71733,250000000,32873,45.83%
omen,ashleymadison,all-10-100-80,cee84d6c74d5c129b3f2f3ee39c2c9e1,71733,500000000,34292,47.8%
omen,gmail,all-10-100-80,f966063a95eb4687aa0ef3b501988d0f,671173,1000000,36466,5.43%
omen,gmail,all-10-100-80,f966063a95eb4687aa0ef3b501988d0f,671173,2500000,60609,9.03%
omen,gmail,all-10-100-80,f966063a95eb4687aa0ef3b501988d0f,671173,5000000,74819,11.15%
omen,gmail,all-10-100-80,f966063a95eb4687aa0ef3b501988d0f,671173,7500000,80189,11.95%
omen,gmail,all-10-100-80,f966063a95eb4687aa0ef3b501988d0f,671173,10000000,106667,15.89%
omen,gmail,all-10-100-80,f966063a95eb4687aa0ef3b501988d0f,671173,25000000,132742,19.78%
omen,gmail,all-10-100-80,f966063a95eb4687aa0ef3b501988d0f,671173,50000000,157569,23.48%
omen,gmail,all-10-100-80,f966063a95eb4687aa0ef3b501988d0f,671173,75000000,184500,27.49%
omen,gmail,all-10-100-80,f966063a95eb4687aa0ef3b501988d0f,671173,100000000,196418,29.26%
omen,gmail,all-10-100-80,f966063a95eb4687aa0ef3b501988d0f,671173,250000000,208075,31.0%
omen,gmail,all-10-100-80,f966063a95eb4687aa0ef3b501988d0f,671173,500000000,269574,40.16%
omen,libero,all-10-100-80,8390bad5f6d2ef4eaff1a3231139087b,83328,1000000,12645,15.17%
omen,libero,all-10-100-80,8390bad5f6d2ef4eaff1a3231139087b,83328,2500000,14284,17.14%
omen,libero,all-10-100-80,8390bad5f6d2ef4eaff1a3231139087b,83328,5000000,18843,22.61%
omen,libero,all-10-100-80,8390bad5f6d2ef4eaff1a3231139087b,83328,7500000,20409,24.49%
omen,libero,all-10-100-80,8390bad5f6d2ef4eaff1a3231139087b,83328,10000000,21006,25.21%
omen,libero,all-10-100-80,8390bad5f6d2ef4eaff1a3231139087b,83328,25000000,25817,30.98%
omen,libero,all-10-100-80,8390bad5f6d2ef4eaff1a3231139087b,83328,50000000,29313,35.18%
omen,libero,all-10-100-80,8390bad5f6d2ef4eaff1a3231139087b,83328,75000000,32142,38.57%
omen,libero,all-10-100-80,8390bad5f6d2ef4eaff1a3231139087b,83328,100000000,32585,39.1%
omen,libero,all-10-100-80,8390bad5f6d2ef4eaff1a3231139087b,83328,250000000,38362,46.04%
omen,libero,all-10-100-80,8390bad5f6d2ef4eaff1a3231139087b,83328,500000000,41430,49.72%
omen,rockyou,all-10-100-80,c678ecd5cf679a482c07172301205318,3089240,1000000,143766,4.65%
omen,rockyou,all-10-100-80,c678ecd5cf679a482c07172301205318,3089240,2500000,244306,7.91%
omen,rockyou,all-10-100-80,c678ecd5cf679a482c07172301205318,3089240,5000000,287054,9.29%
omen,rockyou,all-10-100-80,c678ecd5cf679a482c07172301205318,3089240,7500000,396059,12.82%
omen,rockyou,all-10-100-80,c678ecd5cf679a482c07172301205318,3089240,10000000,476820,15.43%
omen,rockyou,all-10-100-80,c678ecd5cf679a482c07172301205318,3089240,25000000,584638,18.92%
omen,rockyou,all-10-100-80,c678ecd5cf679a482c07172301205318,3089240,50000000,704750,22.81%
omen,rockyou,all-10-100-80,c678ecd5cf679a482c07172301205318,3089240,75000000,893302,28.91%
omen,rockyou,all-10-100-80,c678ecd5cf679a482c07172301205318,3089240,100000000,956434,30.96%
omen,rockyou,all-10-100-80,c678ecd5cf679a482c07172301205318,3089240,250000000,1049578,33.97%
omen,rockyou,all-10-100-80,c678ecd5cf679a482c07172301205318,3089240,500000000,1378173,44.61%
omen,mailru,all-10-100-80,27942e439d2c91fab1f6d57eb0bbbb0f,431536,1000000,52613,12.19%
omen,mailru,all-10-100-80,27942e439d2c91fab1f6d57eb0bbbb0f,431536,2500000,71635,16.6%
omen,mailru,all-10-100-80,27942e439d2c91fab1f6d57eb0bbbb0f,431536,5000000,78797,18.26%
omen,mailru,all-10-100-80,27942e439d2c91fab1f6d57eb0bbbb0f,431536,7500000,93522,21.67%
omen,mailru,all-10-100-80,27942e439d2c91fab1f6d57eb0bbbb0f,431536,10000000,103068,23.88%
omen,mailru,all-10-100-80,27942e439d2c91fab1f6d57eb0bbbb0f,431536,25000000,112974,26.18%
omen,mailru,all-10-100-80,27942e439d2c91fab1f6d57eb0bbbb0f,431536,50000000,141695,32.83%
omen,mailru,all-10-100-80,27942e439d2c91fab1f6d57eb0bbbb0f,431536,75000000,146446,33.94%
omen,mailru,all-10-100-80,27942e439d2c91fab1f6d57eb0bbbb0f,431536,100000000,150096,34.78%
omen,mailru,all-10-100-80,27942e439d2c91fab1f6d57eb0bbbb0f,431536,250000000,181711,42.11%
omen,mailru,all-10-100-80,27942e439d2c91fab1f6d57eb0bbbb0f,431536,500000000,203339,47.12%
omen,taobao,all-10-100-80,dcfd24b28023880b260518fae4c7a90e,956992,1000000,33288,3.48%
omen,taobao,all-10-100-80,dcfd24b28023880b260518fae4c7a90e,956992,2500000,52764,5.51%
omen,taobao,all-10-100-80,dcfd24b28023880b260518fae4c7a90e,956992,5000000,65879,6.88%
omen,taobao,all-10-100-80,dcfd24b28023880b260518fae4c7a90e,956992,7500000,85724,8.96%
omen,taobao,all-10-100-80,dcfd24b28023880b260518fae4c7a90e,956992,10000000,108730,11.36%
omen,taobao,all-10-100-80,dcfd24b28023880b260518fae4c7a90e,956992,25000000,154396,16.13%
omen,taobao,all-10-100-80,dcfd24b28023880b260518fae4c7a90e,956992,50000000,177838,18.58%
omen,taobao,all-10-100-80,dcfd24b28023880b260518fae4c7a90e,956992,75000000,242839,25.37%
omen,taobao,all-10-100-80,dcfd24b28023880b260518fae4c7a90e,956992,100000000,258949,27.06%
omen,taobao,all-10-100-80,dcfd24b28023880b260518fae4c7a90e,956992,250000000,302105,31.57%
omen,taobao,all-10-100-80,dcfd24b28023880b260518fae4c7a90e,956992,500000000,376274,39.32%
omen,linkedin,all-10-100-80,27ae52bf1697d296221269ac43003c87,8680184,1000000,57907,0.67%
omen,linkedin,all-10-100-80,27ae52bf1697d296221269ac43003c87,8680184,2500000,97686,1.13%
omen,linkedin,all-10-100-80,27ae52bf1697d296221269ac43003c87,8680184,5000000,166585,1.92%
omen,linkedin,all-10-100-80,27ae52bf1697d296221269ac43003c87,8680184,7500000,223359,2.57%
omen,linkedin,all-10-100-80,27ae52bf1697d296221269ac43003c87,8680184,10000000,276578,3.19%
omen,linkedin,all-10-100-80,27ae52bf1697d296221269ac43003c87,8680184,25000000,406958,4.69%
omen,linkedin,all-10-100-80,27ae52bf1697d296221269ac43003c87,8680184,50000000,711842,8.2%
omen,linkedin,all-10-100-80,27ae52bf1697d296221269ac43003c87,8680184,75000000,813615,9.37%
omen,linkedin,all-10-100-80,27ae52bf1697d296221269ac43003c87,8680184,100000000,870681,10.03%
omen,linkedin,all-10-100-80,27ae52bf1697d296221269ac43003c87,8680184,250000000,1497259,17.25%
omen,linkedin,all-10-100-80,27ae52bf1697d296221269ac43003c87,8680184,500000000,1716301,19.77%
omen,000webhost,all-10-100-80,e6f87c053dec2f78f6c0ca81309943e9,1581707,1000000,32568,2.06%
omen,000webhost,all-10-100-80,e6f87c053dec2f78f6c0ca81309943e9,1581707,2500000,51223,3.24%
omen,000webhost,all-10-100-80,e6f87c053dec2f78f6c0ca81309943e9,1581707,5000000,67775,4.28%
omen,000webhost,all-10-100-80,e6f87c053dec2f78f6c0ca81309943e9,1581707,7500000,76125,4.81%
omen,000webhost,all-10-100-80,e6f87c053dec2f78f6c0ca81309943e9,1581707,10000000,80149,5.07%
omen,000webhost,all-10-100-80,e6f87c053dec2f78f6c0ca81309943e9,1581707,25000000,124904,7.9%
omen,000webhost,all-10-100-80,e6f87c053dec2f78f6c0ca81309943e9,1581707,50000000,142509,9.01%
omen,000webhost,all-10-100-80,e6f87c053dec2f78f6c0ca81309943e9,1581707,75000000,182338,11.53%
omen,000webhost,all-10-100-80,e6f87c053dec2f78f6c0ca81309943e9,1581707,100000000,201630,12.75%
omen,000webhost,all-10-100-80,e6f87c053dec2f78f6c0ca81309943e9,1581707,250000000,231008,14.6%
omen,000webhost,all-10-100-80,e6f87c053dec2f78f6c0ca81309943e9,1581707,500000000,304238,19.23%
pcfg,libero,all-12-100-80,089cd10612b874833102d6d25ab34970,94616,1000000,24268,25.65%
pcfg,libero,all-12-100-80,089cd10612b874833102d6d25ab34970,94616,2500000,27947,29.54%
pcfg,libero,all-12-100-80,089cd10612b874833102d6d25ab34970,94616,5000000,29765,31.46%
pcfg,libero,all-12-100-80,089cd10612b874833102d6d25ab34970,94616,7500000,30875,32.63%
pcfg,libero,all-12-100-80,089cd10612b874833102d6d25ab34970,94616,10000000,31628,33.43%
pcfg,libero,all-12-100-80,089cd10612b874833102d6d25ab34970,94616,25000000,34166,36.11%
pcfg,libero,all-12-100-80,089cd10612b874833102d6d25ab34970,94616,50000000,36059,38.11%
pcfg,libero,all-12-100-80,089cd10612b874833102d6d25ab34970,94616,75000000,37059,39.17%
pcfg,libero,all-12-100-80,089cd10612b874833102d6d25ab34970,94616,100000000,37681,39.82%
pcfg,libero,all-12-100-80,089cd10612b874833102d6d25ab34970,94616,250000000,39595,41.85%
pcfg,libero,all-12-100-80,089cd10612b874833102d6d25ab34970,94616,500000000,40781,43.1%
pcfg,000webhost,all-12-100-80,432a04011c519801862411bc38aebb0e,2070404,1000000,171403,8.28%
pcfg,000webhost,all-12-100-80,432a04011c519801862411bc38aebb0e,2070404,2500000,233297,11.27%
pcfg,000webhost,all-12-100-80,432a04011c519801862411bc38aebb0e,2070404,5000000,278573,13.45%
pcfg,000webhost,all-12-100-80,432a04011c519801862411bc38aebb0e,2070404,7500000,302161,14.59%
pcfg,000webhost,all-12-100-80,432a04011c519801862411bc38aebb0e,2070404,10000000,320030,15.46%
pcfg,000webhost,all-12-100-80,432a04011c519801862411bc38aebb0e,2070404,25000000,385495,18.62%
pcfg,000webhost,all-12-100-80,432a04011c519801862411bc38aebb0e,2070404,50000000,434938,21.01%
pcfg,000webhost,all-12-100-80,432a04011c519801862411bc38aebb0e,2070404,75000000,467840,22.6%
pcfg,000webhost,all-12-100-80,432a04011c519801862411bc38aebb0e,2070404,100000000,488606,23.6%
pcfg,000webhost,all-12-100-80,432a04011c519801862411bc38aebb0e,2070404,250000000,550005,26.57%
pcfg,000webhost,all-12-100-80,432a04011c519801862411bc38aebb0e,2070404,500000000,595940,28.78%
pcfg,gmail,all-12-100-80,ab1ab8c94f967be004af88422704689b,715941,1000000,73624,10.28%
pcfg,gmail,all-12-100-80,ab1ab8c94f967be004af88422704689b,715941,2500000,131837,18.41%
pcfg,gmail,all-12-100-80,ab1ab8c94f967be004af88422704689b,715941,5000000,155570,21.73%
pcfg,gmail,all-12-100-80,ab1ab8c94f967be004af88422704689b,715941,7500000,166432,23.25%
pcfg,gmail,all-12-100-80,ab1ab8c94f967be004af88422704689b,715941,10000000,173832,24.28%
pcfg,gmail,all-12-100-80,ab1ab8c94f967be004af88422704689b,715941,25000000,195810,27.35%
pcfg,gmail,all-12-100-80,ab1ab8c94f967be004af88422704689b,715941,50000000,212503,29.68%
pcfg,gmail,all-12-100-80,ab1ab8c94f967be004af88422704689b,715941,75000000,222440,31.07%
pcfg,gmail,all-12-100-80,ab1ab8c94f967be004af88422704689b,715941,100000000,229680,32.08%
pcfg,gmail,all-12-100-80,ab1ab8c94f967be004af88422704689b,715941,250000000,256900,35.88%
pcfg,gmail,all-12-100-80,ab1ab8c94f967be004af88422704689b,715941,500000000,276837,38.67%
pcfg,ashleymadison,all-12-100-80,b1050e4d8c2416c0c16a6d9578861192,74319,1000000,13767,18.52%
pcfg,ashleymadison,all-12-100-80,b1050e4d8c2416c0c16a6d9578861192,74319,2500000,16585,22.32%
pcfg,ashleymadison,all-12-100-80,b1050e4d8c2416c0c16a6d9578861192,74319,5000000,18635,25.07%
pcfg,ashleymadison,all-12-100-80,b1050e4d8c2416c0c16a6d9578861192,74319,7500000,20042,26.97%
pcfg,ashleymadison,all-12-100-80,b1050e4d8c2416c0c16a6d9578861192,74319,10000000,20804,27.99%
pcfg,ashleymadison,all-12-100-80,b1050e4d8c2416c0c16a6d9578861192,74319,25000000,23519,31.65%
pcfg,ashleymadison,all-12-100-80,b1050e4d8c2416c0c16a6d9578861192,74319,50000000,25785,34.69%
pcfg,ashleymadison,all-12-100-80,b1050e4d8c2416c0c16a6d9578861192,74319,75000000,26962,36.28%
pcfg,ashleymadison,all-12-100-80,b1050e4d8c2416c0c16a6d9578861192,74319,100000000,27739,37.32%
pcfg,ashleymadison,all-12-100-80,b1050e4d8c2416c0c16a6d9578861192,74319,250000000,29870,40.19%
pcfg,ashleymadison,all-12-100-80,b1050e4d8c2416c0c16a6d9578861192,74319,500000000,31261,42.06%
pcfg,rockyou,all-12-100-80,9538b688ad173429d96b4304e1b1daa9,3405659,1000000,290383,8.53%
pcfg,rockyou,all-12-100-80,9538b688ad173429d96b4304e1b1daa9,3405659,2500000,338100,9.93%
pcfg,rockyou,all-12-100-80,9538b688ad173429d96b4304e1b1daa9,3405659,5000000,598340,17.57%
pcfg,rockyou,all-12-100-80,9538b688ad173429d96b4304e1b1daa9,3405659,7500000,781478,22.94%
pcfg,rockyou,all-12-100-80,9538b688ad173429d96b4304e1b1daa9,3405659,10000000,872353,25.61%
pcfg,rockyou,all-12-100-80,9538b688ad173429d96b4304e1b1daa9,3405659,25000000,1069599,31.4%
pcfg,rockyou,all-12-100-80,9538b688ad173429d96b4304e1b1daa9,3405659,50000000,1188152,34.89%
pcfg,rockyou,all-12-100-80,9538b688ad173429d96b4304e1b1daa9,3405659,75000000,1256247,36.88%
pcfg,rockyou,all-12-100-80,9538b688ad173429d96b4304e1b1daa9,3405659,100000000,1302457,38.24%
pcfg,rockyou,all-12-100-80,9538b688ad173429d96b4304e1b1daa9,3405659,250000000,1438288,42.23%
pcfg,rockyou,all-12-100-80,9538b688ad173429d96b4304e1b1daa9,3405659,500000000,1540659,45.24%
pcfg,linkedin,all-12-100-80,5d93bb15bbef9c422fbcbdd67e3da7f5,9983651,1000000,168648,1.69%
pcfg,linkedin,all-12-100-80,5d93bb15bbef9c422fbcbdd67e3da7f5,9983651,2500000,232618,2.33%
pcfg,linkedin,all-12-100-80,5d93bb15bbef9c422fbcbdd67e3da7f5,9983651,5000000,323785,3.24%
pcfg,linkedin,all-12-100-80,5d93bb15bbef9c422fbcbdd67e3da7f5,9983651,7500000,497266,4.98%
pcfg,linkedin,all-12-100-80,5d93bb15bbef9c422fbcbdd67e3da7f5,9983651,10000000,692751,6.94%
pcfg,linkedin,all-12-100-80,5d93bb15bbef9c422fbcbdd67e3da7f5,9983651,25000000,1374072,13.76%
pcfg,linkedin,all-12-100-80,5d93bb15bbef9c422fbcbdd67e3da7f5,9983651,50000000,1884138,18.87%
pcfg,linkedin,all-12-100-80,5d93bb15bbef9c422fbcbdd67e3da7f5,9983651,75000000,2150094,21.54%
pcfg,linkedin,all-12-100-80,5d93bb15bbef9c422fbcbdd67e3da7f5,9983651,100000000,2342283,23.46%
pcfg,linkedin,all-12-100-80,5d93bb15bbef9c422fbcbdd67e3da7f5,9983651,250000000,2948564,29.53%
pcfg,linkedin,all-12-100-80,5d93bb15bbef9c422fbcbdd67e3da7f5,9983651,500000000,3363892,33.69%
pcfg,mailru,all-12-100-80,99e971b691c2c324cb343c058b380c96,498434,1000000,84376,16.93%
pcfg,mailru,all-12-100-80,99e971b691c2c324cb343c058b380c96,498434,2500000,114124,22.9%
pcfg,mailru,all-12-100-80,99e971b691c2c324cb343c058b380c96,498434,5000000,128739,25.83%
pcfg,mailru,all-12-100-80,99e971b691c2c324cb343c058b380c96,498434,7500000,135974,27.28%
pcfg,mailru,all-12-100-80,99e971b691c2c324cb343c058b380c96,498434,10000000,140232,28.13%
pcfg,mailru,all-12-100-80,99e971b691c2c324cb343c058b380c96,498434,25000000,154013,30.9%
pcfg,mailru,all-12-100-80,99e971b691c2c324cb343c058b380c96,498434,50000000,164820,33.07%
pcfg,mailru,all-12-100-80,99e971b691c2c324cb343c058b380c96,498434,75000000,171108,34.33%
pcfg,mailru,all-12-100-80,99e971b691c2c324cb343c058b380c96,498434,100000000,175730,35.26%
pcfg,mailru,all-12-100-80,99e971b691c2c324cb343c058b380c96,498434,250000000,190406,38.2%
pcfg,mailru,all-12-100-80,99e971b691c2c324cb343c058b380c96,498434,500000000,200663,40.26%
pcfg,taobao,all-12-100-80,fa51c379cfcce49fc35ca14d65475db4,1217281,1000000,53709,4.41%
pcfg,taobao,all-12-100-80,fa51c379cfcce49fc35ca14d65475db4,1217281,2500000,69738,5.73%
pcfg,taobao,all-12-100-80,fa51c379cfcce49fc35ca14d65475db4,1217281,5000000,104747,8.6%
pcfg,taobao,all-12-100-80,fa51c379cfcce49fc35ca14d65475db4,1217281,7500000,125002,10.27%
pcfg,taobao,all-12-100-80,fa51c379cfcce49fc35ca14d65475db4,1217281,10000000,134214,11.03%
pcfg,taobao,all-12-100-80,fa51c379cfcce49fc35ca14d65475db4,1217281,25000000,176142,14.47%
pcfg,taobao,all-12-100-80,fa51c379cfcce49fc35ca14d65475db4,1217281,50000000,205816,16.91%
pcfg,taobao,all-12-100-80,fa51c379cfcce49fc35ca14d65475db4,1217281,75000000,223135,18.33%
pcfg,taobao,all-12-100-80,fa51c379cfcce49fc35ca14d65475db4,1217281,100000000,237489,19.51%
pcfg,taobao,all-12-100-80,fa51c379cfcce49fc35ca14d65475db4,1217281,250000000,285553,23.46%
pcfg,taobao,all-12-100-80,fa51c379cfcce49fc35ca14d65475db4,1217281,500000000,318517,26.17%
pcfg,000webhost,all-8-100-80,11e6f1030f2c14e37ae7b8391011b0dd,827426,1000000,107093,12.94%
pcfg,000webhost,all-8-100-80,11e6f1030f2c14e37ae7b8391011b0dd,827426,2500000,137629,16.63%
pcfg,000webhost,all-8-100-80,11e6f1030f2c14e37ae7b8391011b0dd,827426,5000000,162950,19.69%
pcfg,000webhost,all-8-100-80,11e6f1030f2c14e37ae7b8391011b0dd,827426,7500000,181320,21.91%
pcfg,000webhost,all-8-100-80,11e6f1030f2c14e37ae7b8391011b0dd,827426,10000000,193346,23.37%
pcfg,000webhost,all-8-100-80,11e6f1030f2c14e37ae7b8391011b0dd,827426,25000000,228018,27.56%
pcfg,000webhost,all-8-100-80,11e6f1030f2c14e37ae7b8391011b0dd,827426,50000000,252388,30.5%
pcfg,000webhost,all-8-100-80,11e6f1030f2c14e37ae7b8391011b0dd,827426,75000000,267732,32.36%
pcfg,000webhost,all-8-100-80,11e6f1030f2c14e37ae7b8391011b0dd,827426,100000000,277969,33.59%
pcfg,000webhost,all-8-100-80,11e6f1030f2c14e37ae7b8391011b0dd,827426,250000000,311440,37.64%
pcfg,000webhost,all-8-100-80,11e6f1030f2c14e37ae7b8391011b0dd,827426,500000000,337099,40.74%
pcfg,ashleymadison,all-8-100-80,8e9b567900eab3bddf0a859b8f7d9485,54542,1000000,11010,20.19%
pcfg,ashleymadison,all-8-100-80,8e9b567900eab3bddf0a859b8f7d9485,54542,2500000,13168,24.14%
pcfg,ashleymadison,all-8-100-80,8e9b567900eab3bddf0a859b8f7d9485,54542,5000000,14671,26.9%
pcfg,ashleymadison,all-8-100-80,8e9b567900eab3bddf0a859b8f7d9485,54542,7500000,15524,28.46%
pcfg,ashleymadison,all-8-100-80,8e9b567900eab3bddf0a859b8f7d9485,54542,10000000,16067,29.46%
pcfg,ashleymadison,all-8-100-80,8e9b567900eab3bddf0a859b8f7d9485,54542,25000000,18144,33.27%
pcfg,ashleymadison,all-8-100-80,8e9b567900eab3bddf0a859b8f7d9485,54542,50000000,19309,35.4%
pcfg,ashleymadison,all-8-100-80,8e9b567900eab3bddf0a859b8f7d9485,54542,75000000,19911,36.51%
pcfg,ashleymadison,all-8-100-80,8e9b567900eab3bddf0a859b8f7d9485,54542,100000000,20291,37.2%
pcfg,ashleymadison,all-8-100-80,8e9b567900eab3bddf0a859b8f7d9485,54542,250000000,21422,39.28%
pcfg,ashleymadison,all-8-100-80,8e9b567900eab3bddf0a859b8f7d9485,54542,500000000,22138,40.59%
pcfg,gmail,all-8-100-80,a5fb2b0b53745df2f377930f171833d3,440342,1000000,69327,15.74%
pcfg,gmail,all-8-100-80,a5fb2b0b53745df2f377930f171833d3,440342,2500000,96308,21.87%
pcfg,gmail,all-8-100-80,a5fb2b0b53745df2f377930f171833d3,440342,5000000,107716,24.46%
pcfg,gmail,all-8-100-80,a5fb2b0b53745df2f377930f171833d3,440342,7500000,115284,26.18%
pcfg,gmail,all-8-100-80,a5fb2b0b53745df2f377930f171833d3,440342,10000000,119488,27.13%
pcfg,gmail,all-8-100-80,a5fb2b0b53745df2f377930f171833d3,440342,25000000,133039,30.21%
pcfg,gmail,all-8-100-80,a5fb2b0b53745df2f377930f171833d3,440342,50000000,143821,32.66%
pcfg,gmail,all-8-100-80,a5fb2b0b53745df2f377930f171833d3,440342,75000000,150632,34.21%
pcfg,gmail,all-8-100-80,a5fb2b0b53745df2f377930f171833d3,440342,100000000,155520,35.32%
pcfg,gmail,all-8-100-80,a5fb2b0b53745df2f377930f171833d3,440342,250000000,168060,38.17%
pcfg,gmail,all-8-100-80,a5fb2b0b53745df2f377930f171833d3,440342,500000000,175832,39.93%
pcfg,taobao,all-8-100-80,4840d06e3767126ebb499539e981fd5b,492631,1000000,24793,5.03%
pcfg,taobao,all-8-100-80,4840d06e3767126ebb499539e981fd5b,492631,2500000,56604,11.49%
pcfg,taobao,all-8-100-80,4840d06e3767126ebb499539e981fd5b,492631,5000000,70582,14.33%
pcfg,taobao,all-8-100-80,4840d06e3767126ebb499539e981fd5b,492631,7500000,77429,15.72%
pcfg,taobao,all-8-100-80,4840d06e3767126ebb499539e981fd5b,492631,10000000,83288,16.91%
pcfg,taobao,all-8-100-80,4840d06e3767126ebb499539e981fd5b,492631,25000000,99715,20.24%
pcfg,taobao,all-8-100-80,4840d06e3767126ebb499539e981fd5b,492631,50000000,114669,23.28%
pcfg,taobao,all-8-100-80,4840d06e3767126ebb499539e981fd5b,492631,75000000,122964,24.96%
pcfg,taobao,all-8-100-80,4840d06e3767126ebb499539e981fd5b,492631,100000000,128029,25.99%
pcfg,taobao,all-8-100-80,4840d06e3767126ebb499539e981fd5b,492631,250000000,141631,28.75%
pcfg,taobao,all-8-100-80,4840d06e3767126ebb499539e981fd5b,492631,500000000,149619,30.37%
pcfg,rockyou,all-8-100-80,8fffafbb5c7311b85a7227e466667ba2,2096861,1000000,196734,9.38%
pcfg,rockyou,all-8-100-80,8fffafbb5c7311b85a7227e466667ba2,2096861,2500000,326564,15.57%
pcfg,rockyou,all-8-100-80,8fffafbb5c7311b85a7227e466667ba2,2096861,5000000,554650,26.45%
pcfg,rockyou,all-8-100-80,8fffafbb5c7311b85a7227e466667ba2,2096861,7500000,634092,30.24%
pcfg,rockyou,all-8-100-80,8fffafbb5c7311b85a7227e466667ba2,2096861,10000000,677748,32.32%
pcfg,rockyou,all-8-100-80,8fffafbb5c7311b85a7227e466667ba2,2096861,25000000,786165,37.49%
pcfg,rockyou,all-8-100-80,8fffafbb5c7311b85a7227e466667ba2,2096861,50000000,859812,41.0%
pcfg,rockyou,all-8-100-80,8fffafbb5c7311b85a7227e466667ba2,2096861,75000000,898833,42.86%
pcfg,rockyou,all-8-100-80,8fffafbb5c7311b85a7227e466667ba2,2096861,100000000,925020,44.11%
pcfg,rockyou,all-8-100-80,8fffafbb5c7311b85a7227e466667ba2,2096861,250000000,1005818,47.96%
pcfg,rockyou,all-8-100-80,8fffafbb5c7311b85a7227e466667ba2,2096861,500000000,1061003,50.6%
pcfg,linkedin,all-8-100-80,f5b5eab91b2f41a51e02a98ab9f9099f,5404143,1000000,119274,2.21%
pcfg,linkedin,all-8-100-80,f5b5eab91b2f41a51e02a98ab9f9099f,5404143,2500000,142494,2.64%
pcfg,linkedin,all-8-100-80,f5b5eab91b2f41a51e02a98ab9f9099f,5404143,5000000,274748,5.08%
pcfg,linkedin,all-8-100-80,f5b5eab91b2f41a51e02a98ab9f9099f,5404143,7500000,465338,8.61%
pcfg,linkedin,all-8-100-80,f5b5eab91b2f41a51e02a98ab9f9099f,5404143,10000000,589266,10.9%
pcfg,linkedin,all-8-100-80,f5b5eab91b2f41a51e02a98ab9f9099f,5404143,25000000,1074982,19.89%
pcfg,linkedin,all-8-100-80,f5b5eab91b2f41a51e02a98ab9f9099f,5404143,50000000,1390545,25.73%
pcfg,linkedin,all-8-100-80,f5b5eab91b2f41a51e02a98ab9f9099f,5404143,75000000,1551372,28.71%
pcfg,linkedin,all-8-100-80,f5b5eab91b2f41a51e02a98ab9f9099f,5404143,100000000,1672809,30.95%
pcfg,linkedin,all-8-100-80,f5b5eab91b2f41a51e02a98ab9f9099f,5404143,250000000,2024411,37.46%
pcfg,linkedin,all-8-100-80,f5b5eab91b2f41a51e02a98ab9f9099f,5404143,500000000,2262688,41.87%
pcfg,mailru,all-8-100-80,f33bb989e8b77d9cf98678d1d917aadc,306752,1000000,56402,18.39%
pcfg,mailru,all-8-100-80,f33bb989e8b77d9cf98678d1d917aadc,306752,2500000,69195,22.56%
pcfg,mailru,all-8-100-80,f33bb989e8b77d9cf98678d1d917aadc,306752,5000000,76575,24.96%
pcfg,mailru,all-8-100-80,f33bb989e8b77d9cf98678d1d917aadc,306752,7500000,80083,26.11%
pcfg,mailru,all-8-100-80,f33bb989e8b77d9cf98678d1d917aadc,306752,10000000,82500,26.89%
pcfg,mailru,all-8-100-80,f33bb989e8b77d9cf98678d1d917aadc,306752,25000000,90906,29.63%
pcfg,mailru,all-8-100-80,f33bb989e8b77d9cf98678d1d917aadc,306752,50000000,96602,31.49%
pcfg,mailru,all-8-100-80,f33bb989e8b77d9cf98678d1d917aadc,306752,75000000,99885,32.56%
pcfg,mailru,all-8-100-80,f33bb989e8b77d9cf98678d1d917aadc,306752,100000000,101605,33.12%
pcfg,mailru,all-8-100-80,f33bb989e8b77d9cf98678d1d917aadc,306752,250000000,109301,35.63%
pcfg,mailru,all-8-100-80,f33bb989e8b77d9cf98678d1d917aadc,306752,500000000,113822,37.11%
pcfg,libero,all-8-100-80,9727e5cd231958c73bbdec355edb3a80,53632,1000000,12474,23.26%
pcfg,libero,all-8-100-80,9727e5cd231958c73bbdec355edb3a80,53632,2500000,13747,25.63%
pcfg,libero,all-8-100-80,9727e5cd231958c73bbdec355edb3a80,53632,5000000,14590,27.2%
pcfg,libero,all-8-100-80,9727e5cd231958c73bbdec355edb3a80,53632,7500000,15056,28.07%
pcfg,libero,all-8-100-80,9727e5cd231958c73bbdec355edb3a80,53632,10000000,15387,28.69%
pcfg,libero,all-8-100-80,9727e5cd231958c73bbdec355edb3a80,53632,25000000,16201,30.21%
pcfg,libero,all-8-100-80,9727e5cd231958c73bbdec355edb3a80,53632,50000000,16597,30.94%
pcfg,libero,all-8-100-80,9727e5cd231958c73bbdec355edb3a80,53632,75000000,16838,31.39%
pcfg,libero,all-8-100-80,9727e5cd231958c73bbdec355edb3a80,53632,100000000,17100,31.88%
pcfg,libero,all-8-100-80,9727e5cd231958c73bbdec355edb3a80,53632,250000000,17640,32.89%
pcfg,libero,all-8-100-80,9727e5cd231958c73bbdec355edb3a80,53632,500000000,18112,33.77%
pcfg,gmail,all-10-100-80,f966063a95eb4687aa0ef3b501988d0f,671173,1000000,67063,9.99%
pcfg,gmail,all-10-100-80,f966063a95eb4687aa0ef3b501988d0f,671173,2500000,127186,18.95%
pcfg,gmail,all-10-100-80,f966063a95eb4687aa0ef3b501988d0f,671173,5000000,149422,22.26%
pcfg,gmail,all-10-100-80,f966063a95eb4687aa0ef3b501988d0f,671173,7500000,159163,23.71%
pcfg,gmail,all-10-100-80,f966063a95eb4687aa0ef3b501988d0f,671173,10000000,166091,24.75%
pcfg,gmail,all-10-100-80,f966063a95eb4687aa0ef3b501988d0f,671173,25000000,186976,27.86%
pcfg,gmail,all-10-100-80,f966063a95eb4687aa0ef3b501988d0f,671173,50000000,202931,30.23%
pcfg,gmail,all-10-100-80,f966063a95eb4687aa0ef3b501988d0f,671173,75000000,212204,31.62%
pcfg,gmail,all-10-100-80,f966063a95eb4687aa0ef3b501988d0f,671173,100000000,219299,32.67%
pcfg,gmail,all-10-100-80,f966063a95eb4687aa0ef3b501988d0f,671173,250000000,245829,36.63%
pcfg,gmail,all-10-100-80,f966063a95eb4687aa0ef3b501988d0f,671173,500000000,264017,39.34%
pcfg,libero,all-10-100-80,8390bad5f6d2ef4eaff1a3231139087b,83328,1000000,21137,25.37%
pcfg,libero,all-10-100-80,8390bad5f6d2ef4eaff1a3231139087b,83328,2500000,23999,28.8%
pcfg,libero,all-10-100-80,8390bad5f6d2ef4eaff1a3231139087b,83328,5000000,25683,30.82%
pcfg,libero,all-10-100-80,8390bad5f6d2ef4eaff1a3231139087b,83328,7500000,26657,31.99%
pcfg,libero,all-10-100-80,8390bad5f6d2ef4eaff1a3231139087b,83328,10000000,27341,32.81%
pcfg,libero,all-10-100-80,8390bad5f6d2ef4eaff1a3231139087b,83328,25000000,29555,35.47%
pcfg,libero,all-10-100-80,8390bad5f6d2ef4eaff1a3231139087b,83328,50000000,30903,37.09%
pcfg,libero,all-10-100-80,8390bad5f6d2ef4eaff1a3231139087b,83328,75000000,31583,37.9%
pcfg,libero,all-10-100-80,8390bad5f6d2ef4eaff1a3231139087b,83328,100000000,32086,38.51%
pcfg,libero,all-10-100-80,8390bad5f6d2ef4eaff1a3231139087b,83328,250000000,33397,40.08%
pcfg,libero,all-10-100-80,8390bad5f6d2ef4eaff1a3231139087b,83328,500000000,34273,41.13%
pcfg,linkedin,all-10-100-80,27ae52bf1697d296221269ac43003c87,8680184,1000000,165382,1.91%
pcfg,linkedin,all-10-100-80,27ae52bf1697d296221269ac43003c87,8680184,2500000,207043,2.39%
pcfg,linkedin,all-10-100-80,27ae52bf1697d296221269ac43003c87,8680184,5000000,278650,3.21%
pcfg,linkedin,all-10-100-80,27ae52bf1697d296221269ac43003c87,8680184,7500000,518595,5.97%
pcfg,linkedin,all-10-100-80,27ae52bf1697d296221269ac43003c87,8680184,10000000,678901,7.82%
pcfg,linkedin,all-10-100-80,27ae52bf1697d296221269ac43003c87,8680184,25000000,1340158,15.44%
pcfg,linkedin,all-10-100-80,27ae52bf1697d296221269ac43003c87,8680184,50000000,1777773,20.48%
pcfg,linkedin,all-10-100-80,27ae52bf1697d296221269ac43003c87,8680184,75000000,2054935,23.67%
pcfg,linkedin,all-10-100-80,27ae52bf1697d296221269ac43003c87,8680184,100000000,2232263,25.72%
pcfg,linkedin,all-10-100-80,27ae52bf1697d296221269ac43003c87,8680184,250000000,2766861,31.88%
pcfg,linkedin,all-10-100-80,27ae52bf1697d296221269ac43003c87,8680184,500000000,3155333,36.35%
pcfg,ashleymadison,all-10-100-80,cee84d6c74d5c129b3f2f3ee39c2c9e1,71733,1000000,13483,18.8%
pcfg,ashleymadison,all-10-100-80,cee84d6c74d5c129b3f2f3ee39c2c9e1,71733,2500000,16353,22.8%
pcfg,ashleymadison,all-10-100-80,cee84d6c74d5c129b3f2f3ee39c2c9e1,71733,5000000,18430,25.69%
pcfg,ashleymadison,all-10-100-80,cee84d6c74d5c129b3f2f3ee39c2c9e1,71733,7500000,19738,27.52%
pcfg,ashleymadison,all-10-100-80,cee84d6c74d5c129b3f2f3ee39c2c9e1,71733,10000000,20523,28.61%
pcfg,ashleymadison,all-10-100-80,cee84d6c74d5c129b3f2f3ee39c2c9e1,71733,25000000,23182,32.32%
pcfg,ashleymadison,all-10-100-80,cee84d6c74d5c129b3f2f3ee39c2c9e1,71733,50000000,25356,35.35%
pcfg,ashleymadison,all-10-100-80,cee84d6c74d5c129b3f2f3ee39c2c9e1,71733,75000000,26505,36.95%
pcfg,ashleymadison,all-10-100-80,cee84d6c74d5c129b3f2f3ee39c2c9e1,71733,100000000,27172,37.88%
pcfg,ashleymadison,all-10-100-80,cee84d6c74d5c129b3f2f3ee39c2c9e1,71733,250000000,29219,40.73%
pcfg,ashleymadison,all-10-100-80,cee84d6c74d5c129b3f2f3ee39c2c9e1,71733,500000000,30564,42.61%
pcfg,rockyou,all-10-100-80,c678ecd5cf679a482c07172301205318,3089240,1000000,259014,8.38%
pcfg,rockyou,all-10-100-80,c678ecd5cf679a482c07172301205318,3089240,2500000,353452,11.44%
pcfg,rockyou,all-10-100-80,c678ecd5cf679a482c07172301205318,3089240,5000000,587345,19.01%
pcfg,rockyou,all-10-100-80,c678ecd5cf679a482c07172301205318,3089240,7500000,768256,24.87%
pcfg,rockyou,all-10-100-80,c678ecd5cf679a482c07172301205318,3089240,10000000,849631,27.5%
pcfg,rockyou,all-10-100-80,c678ecd5cf679a482c07172301205318,3089240,25000000,1025448,33.19%
pcfg,rockyou,all-10-100-80,c678ecd5cf679a482c07172301205318,3089240,50000000,1136018,36.77%
pcfg,rockyou,all-10-100-80,c678ecd5cf679a482c07172301205318,3089240,75000000,1198412,38.79%
pcfg,rockyou,all-10-100-80,c678ecd5cf679a482c07172301205318,3089240,100000000,1240217,40.14%
pcfg,rockyou,all-10-100-80,c678ecd5cf679a482c07172301205318,3089240,250000000,1367304,44.26%
pcfg,rockyou,all-10-100-80,c678ecd5cf679a482c07172301205318,3089240,500000000,1461338,47.3%
pcfg,mailru,all-10-100-80,27942e439d2c91fab1f6d57eb0bbbb0f,431536,1000000,83842,19.43%
pcfg,mailru,all-10-100-80,27942e439d2c91fab1f6d57eb0bbbb0f,431536,2500000,107541,24.92%
pcfg,mailru,all-10-100-80,27942e439d2c91fab1f6d57eb0bbbb0f,431536,5000000,120937,28.02%
pcfg,mailru,all-10-100-80,27942e439d2c91fab1f6d57eb0bbbb0f,431536,7500000,127254,29.49%
pcfg,mailru,all-10-100-80,27942e439d2c91fab1f6d57eb0bbbb0f,431536,10000000,131324,30.43%
pcfg,mailru,all-10-100-80,27942e439d2c91fab1f6d57eb0bbbb0f,431536,25000000,144229,33.42%
pcfg,mailru,all-10-100-80,27942e439d2c91fab1f6d57eb0bbbb0f,431536,50000000,153639,35.6%
pcfg,mailru,all-10-100-80,27942e439d2c91fab1f6d57eb0bbbb0f,431536,75000000,158916,36.83%
pcfg,mailru,all-10-100-80,27942e439d2c91fab1f6d57eb0bbbb0f,431536,100000000,162761,37.72%
pcfg,mailru,all-10-100-80,27942e439d2c91fab1f6d57eb0bbbb0f,431536,250000000,174481,40.43%
pcfg,mailru,all-10-100-80,27942e439d2c91fab1f6d57eb0bbbb0f,431536,500000000,183254,42.47%
pcfg,000webhost,all-10-100-80,e6f87c053dec2f78f6c0ca81309943e9,1581707,1000000,155064,9.8%
pcfg,000webhost,all-10-100-80,e6f87c053dec2f78f6c0ca81309943e9,1581707,2500000,210432,13.3%
pcfg,000webhost,all-10-100-80,e6f87c053dec2f78f6c0ca81309943e9,1581707,5000000,245083,15.49%
pcfg,000webhost,all-10-100-80,e6f87c053dec2f78f6c0ca81309943e9,1581707,7500000,265232,16.77%
pcfg,000webhost,all-10-100-80,e6f87c053dec2f78f6c0ca81309943e9,1581707,10000000,282606,17.87%
pcfg,000webhost,all-10-100-80,e6f87c053dec2f78f6c0ca81309943e9,1581707,25000000,343312,21.71%
pcfg,000webhost,all-10-100-80,e6f87c053dec2f78f6c0ca81309943e9,1581707,50000000,388945,24.59%
pcfg,000webhost,all-10-100-80,e6f87c053dec2f78f6c0ca81309943e9,1581707,75000000,413712,26.16%
pcfg,000webhost,all-10-100-80,e6f87c053dec2f78f6c0ca81309943e9,1581707,100000000,431773,27.3%
pcfg,000webhost,all-10-100-80,e6f87c053dec2f78f6c0ca81309943e9,1581707,250000000,484098,30.61%
pcfg,000webhost,all-10-100-80,e6f87c053dec2f78f6c0ca81309943e9,1581707,500000000,528213,33.4%
pcfg,taobao,all-10-100-80,dcfd24b28023880b260518fae4c7a90e,956992,1000000,45926,4.8%
pcfg,taobao,all-10-100-80,dcfd24b28023880b260518fae4c7a90e,956992,2500000,73377,7.67%
pcfg,taobao,all-10-100-80,dcfd24b28023880b260518fae4c7a90e,956992,5000000,99903,10.44%
pcfg,taobao,all-10-100-80,dcfd24b28023880b260518fae4c7a90e,956992,7500000,114217,11.93%
pcfg,taobao,all-10-100-80,dcfd24b28023880b260518fae4c7a90e,956992,10000000,126102,13.18%
pcfg,taobao,all-10-100-80,dcfd24b28023880b260518fae4c7a90e,956992,25000000,156040,16.3%
pcfg,taobao,all-10-100-80,dcfd24b28023880b260518fae4c7a90e,956992,50000000,184833,19.31%
pcfg,taobao,all-10-100-80,dcfd24b28023880b260518fae4c7a90e,956992,75000000,201561,21.06%
pcfg,taobao,all-10-100-80,dcfd24b28023880b260518fae4c7a90e,956992,100000000,214913,22.46%
pcfg,taobao,all-10-100-80,dcfd24b28023880b260518fae4c7a90e,956992,250000000,253585,26.5%
pcfg,taobao,all-10-100-80,dcfd24b28023880b260518fae4c7a90e,956992,500000000,277677,29.02%
